지역,근무회사,근무시간,급여,올린시간
[시흥시 장현동],[플랜메디],[시간협의],"[건별3,300,000]",[04/15]
[시흥시 정왕동],[명품구제나라],[10:30~20:30],"[시급8,720]",[04/15]
[시흥시 전체],[쿠팡],[시간협의],"[시급17,000]",[03/31]
[시흥시 과림동],[(주)대영전산폼],[08:30~17:30],"[일급90,000]",[04/15]
[시흥시 정왕1동],[브레젤르],[09:00~18:00],"[시급8,720]",[04/15]
[시흥시 과림동],[JW중고몰],[09:00~18:00],"[시급9,000]",[04/15]
[시흥시 정왕동],[(주)일을찾는사람들],[08:00~17:00],"[시급9,500]",[12시간전]
[시흥시 배곧동],[지에스25배곧전원점],[19:00~01:00],"[시급8,720]",[1시간전]
[시흥시 정왕동],[CU 시화소망점],[07:00~14:00],"[시급8,720]",[04/13]
[시흥시 은행동],[더본코리아 롤링파스타 시흥은계점],[13:00~19:00],"[시급9,000]",[6시간전]
[시흥시 전체],[세븐일레븐 시흥목감호반점],[09:00~13:00],"[시급9,100]",[04/14]
[시흥시 조남동],[호치킨 시흥목감역점],[06:00~11:00],"[시급8,800]",[04/15]
[시흥시 대야동],[더본코리아 한신포차 시흥대야점],[16:00~22:30],"[시급8,720]",[3시간전]
[시흥시 목감동],[교촌치킨 목감신도시1호],[17:00~24:00],"[시급8,720]",[8시간전]
[시흥시 전체],[노브랜드 시흥목감점],[08:00~22:00 (로테이션)],"[시급9,990]",[04/15]
[시흥시 대야동],[슈퍼히어로 시흥시센터],[시간협의],"[일급250,000]",[04/15]
[시흥시 정왕동],[더본코리아 새마을식당 시흥정왕점],[17:00~22:30],"[시급10,000]",[10시간전]
[시흥시 월곶동],[곰스타엔터테인먼트],[08:00~17:00],"[주급800,000]",[16시간전]
[시흥시 금이동],[째깍악어 본사],[16:00~20:00],"[시급12,000]",[6시간전]
[시흥시 은행동],[교촌치킨 은계],[18:00~24:00],"[시급8,720]",[04/14]
[시흥시 정왕4동],[(주)이마트 노브랜드],[10:00~22:00],"[시급9,990]",[04/15]
[시흥시 조남동],[CU 시흥목감주공점],[14:00~20:00],"[시급8,720]",[9시간전]
[시흥시 은행동],[CU 은계한양수자인점],[05:00~09:00],"[시급8,720]",[9시간전]
[시흥시 정왕동],[에이치아이컴퍼니],[09:00~18:00],"[시급8,720]",[04/15]
[시흥시 목감동],[GS25목감하임점],[15:00~22:00],"[시급8,720]",[04/15]
[시흥시 은행동],[GS25은계샤르망점],[19:00~00:00],"[시급8,720]",[04/15]
[시흥시 정왕동],[(주)이마트],[09:00~21:00 (로테이션)],"[시급9,990]",[04/14]
[시흥시 은행동],[세븐일레븐 시흥다둥이점],[08:00~15:00],"[시급8,720]",[04/13]
[시흥시 목감동],[생각대로 목감지사],[10:00~01:00],"[건별3,300]",[7시간전]
[시흥시 은행동],[GS25은계호반점],[12:00~18:00],"[시급8,720]",[10시간전]
[시흥시 장곡동],[롯데리아 시흥연성점],[시간협의],"[시급8,720]",[04/15]
[시흥시 정왕동],[세븐일레븐 배곧엠플러스점],[07:00~11:00],"[시급8,720]",[04/13]
[시흥시 정왕동],[(주)동성실업],[07:30~18:30],"[시급8,720]",[5시간전]
[시흥시 산현동],[CU 목감호수품애점],[16:00~23:00],"[시급8,720]",[10시간전]
[시흥시 목감동],[세븐일레븐 시흥목감중앙점],[08:00~22:00],"[시급8,800]",[04/15]
[시흥시 정왕동],[롯데리아 롯데마트시흥배곧점],[17:30~22:30],"[시급8,720]",[04/15]
[시흥시 조남동],[CU 목감LH13단지점],[18:00~23:00],"[시급10,500]",[11시간전]
[시흥시 정왕동],[다이소 시흥정왕본점],[08:00~14:00 (로테이션)],"[시급8,720]",[11시간전]
[시흥시 능곡동],[다이소 시흥능곡점],[09:00~15:00 (로테이션)],"[시급8,720]",[11시간전]
[시흥시 거모동],[GS25시흥거모본점],[15:00~22:00],"[시급8,720]",[04/15]
[시흥시 정왕동],[늘품마케팅],[11:00~15:00],"[건별100,000]",[04/15]
[시흥시 월곶동],[GS25월곶하버뷰점],[20:30~01:00],"[시급8,720]",[3시간전]
[시흥시 정왕동],[롯데리아 배곧신도시점],[시간협의],"[시급8,720]",[04/13]
[시흥시 월곶동],[세븐일레븐월곶알파시티점],[24:00~07:00],"[시급8,800]",[3시간전]
[시흥시 정왕동],[GS25배곧호반점],[20:00~06:00],"[시급8,720]",[04/15]
[시흥시 전체],[스타벅스커피 코리아 시흥P.아울렛3F],[10:00~22:00 (로테이션)],"[시급9,000]",[04/15]
[시흥시 정왕4동],[GS25오이도예스점],[20:00~08:00],"[시급8,720]",[04/15]
[시흥시 정왕동],[게스키즈/신세계시흥점],[00:00~24:00 (로테이션)],"[시급10,000]",[4시간전]
[시흥시 정왕동],[GS25정왕월드점],[23:00~06:00],"[시급8,720]",[22시간전]
[시흥시 정왕동],[GS25 정왕원룸점],[00:00~07:00],"[시급8,720]",[12시간전]
[시흥시 조남동],[버거킹 시흥목감SK점],[15:00~22:00],"[시급8,720]",[04/13]
[시흥시 정왕동],[교촌치킨 배곧신도시1호점],[06:00~22:00],"[시급8,720]",[04/13]
[시흥시 은행동],[(유)미소],[09:00~18:00 (로테이션)],"[시급14,600]",[04/13]
[시흥시 정왕동],[CU 시화백두점],[00:00~07:00],"[시급8,720]",[12시간전]
[시흥시 정왕동],[엔지프로젝트],[10:00~16:00 (로테이션)],"[건별100,000]",[21시간전]
[시흥시 정왕동],[프라임대리운전],[시간협의],"[일급200,000]",[9시간전]
[시흥시 정왕동],[교촌치킨 시흥 정왕2호],[18:00~24:00],"[시급8,720]",[04/15]
[시흥시 전체],[(주)신세계엘앤비],[13:00~21:00 (로테이션)],"[일급85,000]",[04/13]
[시흥시 목감동],[GS25목감한울점],[00:30~07:30],"[시급8,720]",[04/15]
[시흥시 조남동],[GS25목감호반점],[22:00~10:00],"[시급8,720]",[04/13]
[시흥시],[파리바게뜨],[07:00~11:30],"[시급8,720]",[5시간전]
[시흥시 은행동],[달빛],[19:00~03:00],"[시급30,000]",[5시간전]
[시흥시 능곡동],[CU 시흥능곡점],[00:00~07:00],"[시급8,720]",[13시간전]
[시흥시 배곧동],[(유)믿음국제결혼],[시간협의],"[시급20,000]",[5시간전]
[시흥시 은행동],[토모루베이커리],[시간협의],"[시급8,720]",[04/13]
[시흥시 정왕동],[올라에스앤에스],[07:00~16:00],"[일급130,000]",[22시간전]
[시흥시 장곡동],[CU 장현A1단지점],[시간협의],"[시급8,720]",[04/15]
[시흥시 장현동],[세븐일레븐 시흥네이처뷰점],[15:00~22:00],"[시급8,720]",[04/14]
[시흥시 거모동],[노랑통닭 안산역점],[18:00~22:30],"[시급9,000]",[04/15]
[시흥시 정왕동],[GS25시화거북섬점],[시간협의],"[시급8,720]",[04/13]
[시흥시 정왕동],[신안건설],[07:30~18:00],"[일급120,000]",[04/13]
[시흥시 정왕동],[세븐일레븐 오이도등대점],[15:00~22:00],"[시급8,720]",[04/14]
[시흥시 은행동],[버거킹 시흥은계점],[시간협의],"[시급8,720]",[6시간전]
[시흥시 정왕동],[CU 시흥정왕제일점],[17:00~23:00],"[시급8,720]",[04/14]
[시흥시 목감동],[당신의집사],[00:00~24:00],"[시급13,000]",[04/15]
[시흥시 정왕동],[자돈심],[18:00~21:00],"[시급8,720]",[6시간전]
[시흥시 정왕동],[오 bar],[20:00~03:00],"[시급30,000]",[03/22]
[시흥시 정왕동],[CU 시화한라점],[07:00~14:00],"[시급8,720]",[04/15]
[시흥시 정왕동],[시스템ycn],[07:00~16:00],"[일급130,000]",[04/15]
[시흥시 신천동],[GS25신천빌라점],[23:00~09:00],"[시급8,720]",[04/13]
[시흥시 정왕동],[GS25시화SM시티점],[21:00~09:00],"[시급8,720]",[04/14]
[시흥시 정왕동],[버거킹 시흥정왕점],[16:00~22:00],"[시급8,720]",[04/15]
[시흥시 하중동],[세븐일레븐 시흥하중로점],[16:00~22:00],"[시급8,750]",[7시간전]
[시흥시 정왕동],[하남F&amp;B 배곧신도시점],[18:00~22:00],"[시급9,000]",[04/13]
[시흥시 능곡동],[CU 시흥제일풍경채점],[23:00~09:00],"[시급8,720]",[7시간전]
[시흥시 정왕동],[교촌치킨 시흥 정왕1호],[11:00~18:00],"[시급8,720]",[04/13]
[시흥시 장현동],[GS25장현리슈빌점],[22:00~10:00],"[시급8,720]",[04/14]
[시흥시 정왕동],[도깨비야시장],[17:30~04:00],"[건별2,000,000]",[9시간전]
[시흥시 대야동],[싸네 종합어시장],[11:00~23:00],"[시급8,720]",[9시간전]
[시흥시 신천동],[대야동 노래타운(7080라이브)],[17:00~22:00],"[시급12,000]",[03/26]
[시흥시 전체],[(주)대영메탈],[08:00~17:00],"[일급120,000]",[04/05]
[시흥시 과림동],[이마트24시],[11:00~21:00],"[시급8,720]",[10시간전]
[시흥시 정왕동],[해미랑],[12:00~14:00],"[시급10,300]",[11시간전]
[시흥시 정왕동],[공유다 (드림지사)],[시간협의],"[건별3,500]",[12시간전]
[시흥시 신천동],[방문미술 그림샘],[00:00~24:00],"[시급20,000]",[12시간전]
[시흥시 정왕동],[후라이드 참잘하는 집],[시간협의],"[시급8,720]",[13시간전]
[시흥시 정왕2동],[(주) 성진인력],[시간협의],"[시급8,720]",[13시간전]
[시흥시 정왕동],[엔젤테라피(Angel therapy)],[시간협의],"[일급400,000]",[22시간전]
[시흥시 정왕동],[연안식당시화정왕점],[10:00~19:00],"[시급9,000]",[22시간전]
[시흥시 장현동],[투썸플레이스시흥시청점],[시간협의],"[시급8,720]",[21시간전]
[시흥시 신천동],[신천 게임랜드],[시간협의],"[일급80,000]",[04/15]
[시흥시 정왕동],[조은오피스(알파문구시흥배곧점)],[10:00~22:00],"[시급8,720]",[22시간전]
[시흥시 정왕동],[(주)KCC상사],[08:30~18:30],"[시급8,720]",[22시간전]
[시흥시 정왕동],[레츠고호프],[19:00~22:00],"[시급10,000]",[22시간전]
[시흥시 신천동],[배달시대&amp;부릉],[00:00~24:00],"[건별3,100]",[04/04]
[시흥시 대야동],[스테프핫도그 대야점],[09:00~23:00],"[시급9,000]",[04/15]
[시흥시 정왕동],[퀸즈블랙 시흥 웨이브파크점],[10:30~20:00],"[시급10,810]",[04/15]
[시흥시 전체],[(주)슈퍼히어로딜리버리],[11:00~01:00],"[일급150,000]",[04/15]
[시흥시 전체],[조셰프고기집],[시간협의],"[시급8,720]",[04/15]
[시흥시 신천동],[에이스토탈클리닝센터],[시간협의],"[시급9,000]",[04/15]
[시흥시 정왕동],[한샘5공장물류센터],[05:00~07:00],"[시급13,000]",[04/15]
[시흥시 신천동],[양꼬치학교],[시간협의],"[시급8,720]",[04/15]
[시흥시 전체],"[군포 복합물류 (의왕,금정역 셔틀)]",[07:00~19:00],"[일급131,760]",[04/15]
[시흥시 대야동],[청화칼국수],[10:00~18:00],"[시급8,720]",[04/15]
